month,revenue
2023-01-01,23232.648245084256
2023-02-01,27643.891659190358
2023-03-01,31848.4692074379
2023-04-01,39257.469545911525
2023-05-01,44882.43796191456
2023-06-01,49954.95980209528
2023-07-01,51737.43815713135
2023-08-01,57219.92477215529
2023-09-01,62463.25936666546
2023-10-01,71186.8900833011
2023-11-01,89601.06343819987
2023-12-01,106585.07698948648
2024-01-01,79866.20742048354
2024-02-01,81205.71910423937
2024-03-01,90916.84969867588
2024-04-01,94977.27064311324
2024-05-01,105086.37880126617
2024-06-01,107892.58147705309
2024-07-01,113426.40479579185
2024-08-01,120048.87945724512
2024-09-01,125853.22849801637
2024-10-01,131053.14177525375
2024-11-01,171327.21153183363
2024-12-01,197920.77901610744
2025-01-01,139327.89127575973
2025-02-01,131759.72735647572
2025-03-01,145269.21537459333
2025-04-01,150745.70308219673
2025-05-01,165741.69812034786
2025-06-01,166994.17440748948
2025-07-01,168780.80465360451
2025-08-01,178704.87248766792
2025-09-01,179960.69715902323
2025-10-01,199895.54013196143
2025-11-01,246884.97280445788
2025-12-01,280327.442955686
