acq_month,months_since_acquisition,active_customers,revenue,orders,cohort_size,retention,revenue_per_customer
2023-01-01,0,400,23232.648245084256,400,400,1.0,58.08162061271064
2023-01-01,1,66,4563.088849166791,74,400,0.165,11.407722122916978
2023-01-01,2,55,3925.8967603809997,61,400,0.1375,9.8147419009525
2023-01-01,3,52,4166.760069804354,60,400,0.13,10.416900174510886
2023-01-01,4,67,6183.908819530875,86,400,0.1675,15.459772048827187
2023-01-01,5,57,4354.369030375814,68,400,0.1425,10.885922575939535
2023-01-01,6,67,4579.700701083472,78,400,0.1675,11.449251752708681
2023-01-01,7,54,3757.130795014165,62,400,0.135,9.392826987535413
2023-01-01,8,49,3464.3142430008556,54,400,0.1225,8.66078560750214
2023-01-01,9,68,4117.630390059107,77,400,0.17,10.294075975147768
2023-01-01,10,65,5273.241207740334,87,400,0.1625,13.183103019350835
2023-01-01,11,77,6857.354160964754,99,400,0.1925,17.143385402411884
2023-01-01,12,56,3665.8435309620627,62,400,0.14,9.164608827405157
2023-01-01,13,45,3005.2663935628643,52,400,0.1125,7.513165983907161
2023-01-01,14,44,3724.767266806568,54,400,0.11,9.31191816701642
2023-01-01,15,46,3382.2932993465115,49,400,0.115,8.455733248366279
2023-01-01,16,49,3817.0092145495073,58,400,0.1225,9.542523036373769
2023-01-01,17,44,3605.921487811854,56,400,0.11,9.014803719529635
2023-01-01,18,48,4081.9592962305915,60,400,0.12,10.204898240576478
2023-01-01,19,36,2860.7694144936404,43,400,0.09,7.151923536234101
2023-01-01,20,44,3455.297499871239,55,400,0.11,8.638243749678097
2023-01-01,21,46,3927.0403570752965,56,400,0.115,9.81760089268824
2023-01-01,22,60,5091.501352150557,79,400,0.15,12.728753380376393
2023-01-01,23,54,5101.970800149224,73,400,0.135,12.754927000373058
2023-01-01,24,39,2715.4786873578505,41,400,0.0975,6.788696718394626
2023-02-01,0,405,23080.802810023568,405,405,1.0,56.98963656795943
2023-02-01,1,67,5063.235616914838,79,405,0.1654320987654321,12.501816338061328
2023-02-01,2,67,4865.384533546296,78,405,0.1654320987654321,12.013295144558755
2023-02-01,3,66,4338.359188891951,72,405,0.16296296296296298,10.711997997264076
2023-02-01,4,62,4947.532664181722,69,405,0.15308641975308643,12.216130035016597
2023-02-01,5,64,4169.90191837417,70,405,0.1580246913580247,10.296054119442395
2023-02-01,6,59,4800.450912026207,73,405,0.145679012345679,11.852965214879525
2023-02-01,7,60,4424.877174608247,71,405,0.14814814814814814,10.925622653353695
2023-02-01,8,53,4142.38978519394,62,405,0.1308641975308642,10.22812292640479
2023-02-01,9,70,5768.507087414637,90,405,0.1728395061728395,14.243227376332436
2023-02-01,10,73,6661.117925043128,99,405,0.18024691358024691,16.447204753192906
2023-02-01,11,47,3638.7723547305072,53,405,0.11604938271604938,8.984623098100018
2023-02-01,12,47,4038.9176128408667,61,405,0.11604938271604938,9.97263608108856
2023-02-01,13,52,4234.437736716485,61,405,0.12839506172839507,10.45540181905305
2023-02-01,14,41,3134.8678177993243,47,405,0.10123456790123457,7.740414364936603
2023-02-01,15,50,4506.943142134764,63,405,0.12345679012345678,11.128254671937688
2023-02-01,16,52,3722.869549259798,61,405,0.12839506172839507,9.192270491999501
2023-02-01,17,60,4473.5671847373005,74,405,0.14814814814814814,11.045844900585926
2023-02-01,18,52,4099.741812408062,61,405,0.12839506172839507,10.12281928989645
2023-02-01,19,51,3914.030969118291,61,405,0.1259259259259259,9.66427399782294
2023-02-01,20,46,4396.659755925566,62,405,0.11358024691358025,10.855950014631027
2023-02-01,21,55,4478.250029035023,68,405,0.13580246913580246,11.05740747909882
2023-02-01,22,68,6073.851312493818,92,405,0.16790123456790124,14.997163734552638
2023-02-01,23,40,3836.6427590931953,52,405,0.09876543209876543,9.473191997760976
2023-02-01,24,30,2544.3176581429143,34,405,0.07407407407407407,6.282265822575097
2023-03-01,0,410,22859.336830142063,410,410,1.0,55.75448007351723
2023-03-01,1,66,5832.4241568759335,83,410,0.16097560975609757,14.22542477286813
2023-03-01,2,55,5017.3631784064555,73,410,0.13414634146341464,12.237471166845014
2023-03-01,3,55,4443.731421710911,66,410,0.13414634146341464,10.838369321246123
2023-03-01,4,50,4658.179019097296,70,410,0.12195121951219512,11.361412241700721
2023-03-01,5,45,3244.186971273188,54,410,0.10975609756097561,7.9126511494468
2023-03-01,6,72,5257.512661846392,83,410,0.17560975609756097,12.823201614259492
2023-03-01,7,50,4186.913578537913,62,410,0.12195121951219512,10.211984337897348
2023-03-01,8,71,6006.575442910132,90,410,0.17317073170731706,14.650184007097883
2023-03-01,9,64,5448.656968651753,81,410,0.15609756097560976,13.289407240614032
2023-03-01,10,43,3855.0974648054657,51,410,0.1048780487804878,9.402676743427966
2023-03-01,11,36,3153.983467939098,44,410,0.08780487804878048,7.692642604729507
2023-03-01,12,44,3559.360652409171,50,410,0.1073170731707317,8.681367444900417
2023-03-01,13,31,2325.171592535256,34,410,0.07560975609756097,5.6711502256957464
2023-03-01,14,42,3574.617453942617,52,410,0.1024390243902439,8.718579155957602
2023-03-01,15,44,3484.109072917138,53,410,0.1073170731707317,8.49782700711497
2023-03-01,16,40,3155.5761553472385,50,410,0.0975609756097561,7.696527208163996
2023-03-01,17,39,3562.8398570310933,48,410,0.0951219512195122,8.689853309831935
2023-03-01,18,39,3122.6212439811593,47,410,0.0951219512195122,7.616149375563803
2023-03-01,19,49,3566.633864749473,55,410,0.11951219512195121,8.699106987193836
2023-03-01,20,43,3494.787979164988,54,410,0.1048780487804878,8.523873119914605
2023-03-01,21,45,4028.7715810593454,57,410,0.10975609756097561,9.826272148925232
2023-03-01,22,26,1671.7778933333834,30,410,0.06341463414634146,4.077507056910691
2023-03-01,23,29,2498.501993827131,33,410,0.07073170731707316,6.093907302017393
2023-03-01,24,33,2612.3957009417536,41,410,0.08048780487804878,6.371696831565253
2023-04-01,0,415,24392.90078568494,415,415,1.0,58.778074182373345
2023-04-01,1,90,5670.142647699923,102,415,0.21686746987951808,13.662994331807043
2023-04-01,2,65,5253.799257622132,89,415,0.1566265060240964,12.659757247282247
2023-04-01,3,59,4270.471422032829,68,415,0.14216867469879518,10.290292583211636
2023-04-01,4,78,6006.039049898528,92,415,0.18795180722891566,14.472383252767537
2023-04-01,5,69,5497.564339519581,84,415,0.16626506024096385,13.247142986794172
2023-04-01,6,64,4590.8123461950645,73,415,0.15421686746987953,11.06219842456642
2023-04-01,7,76,6325.114173169705,100,415,0.18313253012048192,15.241238971493265
2023-04-01,8,91,7834.105205802764,114,415,0.21927710843373494,18.877361941693408
2023-04-01,9,63,4711.875453532711,70,415,0.15180722891566265,11.353916755500508
2023-04-01,10,46,3395.884746282741,53,415,0.1108433734939759,8.182854810319858
2023-04-01,11,52,4398.115200608382,62,415,0.12530120481927712,10.59786795327321
2023-04-01,12,53,4024.6697654513423,61,415,0.12771084337349398,9.697999434822512
2023-04-01,13,55,4836.421565714384,69,415,0.13253012048192772,11.654027869191287
2023-04-01,14,57,4823.608647461217,70,415,0.13734939759036144,11.623153367376425
2023-04-01,15,57,5071.643514430077,72,415,0.13734939759036144,12.220827745614642
2023-04-01,16,47,3720.9967496575805,61,415,0.11325301204819277,8.966257228090555
2023-04-01,17,49,4674.645014523921,63,415,0.1180722891566265,11.26420485427451
2023-04-01,18,50,4777.7220509540975,62,415,0.12048192771084337,11.512583255311078
2023-04-01,19,62,5600.309543228604,79,415,0.1493975903614458,13.494721790912298
2023-04-01,20,60,5854.974839676484,84,415,0.14457831325301204,14.10837310765418
2023-04-01,21,48,3779.283371323794,51,415,0.11566265060240964,9.106706918852517
2023-04-01,22,37,3527.1165404634694,42,415,0.0891566265060241,8.499076001116794
2023-04-01,23,46,3418.3182967759467,51,415,0.1108433734939759,8.236911558496256
2023-04-01,24,32,2352.105816897952,37,415,0.07710843373493977,5.667724859995065
2023-05-01,0,420,23672.664127385357,420,420,1.0,56.36348601758418
2023-05-01,1,73,5510.825313920356,88,420,0.1738095238095238,13.121012652191324
2023-05-01,2,72,4958.692546064117,81,420,0.17142857142857143,11.806410823962183
2023-05-01,3,69,4854.847777130948,75,420,0.16428571428571428,11.559161374121304
2023-05-01,4,55,3554.5932107595204,62,420,0.13095238095238096,8.463317168475049
2023-05-01,5,66,5046.333933976738,73,420,0.15714285714285714,12.01508079518271
2023-05-01,6,77,6679.439097000979,100,420,0.18333333333333332,15.903426421430902
2023-05-01,7,73,6519.245026137817,94,420,0.1738095238095238,15.522011966994803
2023-05-01,8,53,4210.989252238285,69,420,0.1261904761904762,10.02616488628163
2023-05-01,9,49,3099.4577138100153,58,420,0.11666666666666667,7.3796612233571794
2023-05-01,10,57,4488.679869597464,68,420,0.1357142857142857,10.687333022851105
2023-05-01,11,61,5359.0052378548,76,420,0.14523809523809525,12.759536280606666
2023-05-01,12,54,4581.022794657797,68,420,0.12857142857142856,10.907197130137613
2023-05-01,13,51,3909.4794027457415,60,420,0.12142857142857143,9.308284292251765
2023-05-01,14,51,3894.9394073194644,63,420,0.12142857142857143,9.273665255522534
2023-05-01,15,46,3565.405107050049,54,420,0.10952380952380952,8.489059778690594
2023-05-01,16,48,4225.849442395184,58,420,0.11428571428571428,10.061546291417105
2023-05-01,17,54,3725.4294601850434,62,420,0.12857142857142856,8.870070143297722
2023-05-01,18,56,5537.772452853456,79,420,0.13333333333333333,13.185172506793943
2023-05-01,19,65,5964.21719371378,86,420,0.15476190476190477,14.200517127889952
2023-05-01,20,35,3607.52780826771,45,420,0.08333333333333333,8.589351924446929
2023-05-01,21,36,2596.1851398412646,41,420,0.08571428571428572,6.181393190098249
2023-05-01,22,41,3114.9115360240357,48,420,0.09761904761904762,7.416456038152466
2023-05-01,23,37,3005.611421362432,48,420,0.0880952380952381,7.156217669910552
2023-05-01,24,33,2539.2839647704955,37,420,0.07857142857142857,6.045914201834513
2023-06-01,0,425,25444.70211428435,425,425,1.0,59.86988732772789
2023-06-01,1,74,4729.631669834605,84,425,0.17411764705882352,11.12854510549319
2023-06-01,2,71,4962.508614062968,81,425,0.16705882352941176,11.676490856618749
2023-06-01,3,59,4597.714302185288,73,425,0.1388235294117647,10.818151299259501
2023-06-01,4,60,4027.1749373659113,70,425,0.1411764705882353,9.475705734978614
2023-06-01,5,83,6217.657401495147,107,425,0.1952941176470588,14.62978212116505
2023-06-01,6,98,8315.148609751614,127,425,0.23058823529411765,19.56505555235674
2023-06-01,7,64,4466.177547315368,74,425,0.15058823529411763,10.50865305250675
2023-06-01,8,61,4869.854733334659,72,425,0.14352941176470588,11.458481725493314
2023-06-01,9,60,4587.368226075556,73,425,0.1411764705882353,10.793807590766013
2023-06-01,10,56,4173.428941244172,68,425,0.13176470588235295,9.819832802927463
2023-06-01,11,52,4423.7016158510705,65,425,0.1223529411764706,10.40870968435546
2023-06-01,12,60,4199.340385543687,67,425,0.1411764705882353,9.880800907161618
2023-06-01,13,55,4162.936086009903,70,425,0.12941176470588237,9.795143731788007
2023-06-01,14,63,4458.555626966901,73,425,0.14823529411764705,10.490719122275062
2023-06-01,15,53,4294.535329860278,68,425,0.12470588235294118,10.104789011435948
2023-06-01,16,58,4553.3799696296655,70,425,0.13647058823529412,10.713835222658037
2023-06-01,17,61,4665.433213041912,80,425,0.14352941176470588,10.977489913039792
2023-06-01,18,70,6057.168518601978,94,425,0.16470588235294117,14.252161220239948
2023-06-01,19,54,4748.793630002225,64,425,0.12705882352941175,11.17363207059347
2023-06-01,20,50,4289.78060479632,62,425,0.11764705882352941,10.093601423050165
2023-06-01,21,50,4351.123538978809,63,425,0.11764705882352941,10.237937738773669
2023-06-01,22,42,4102.078230400964,58,425,0.0988235294117647,9.651948777414033
2023-06-01,23,54,4886.997151407244,66,425,0.12705882352941175,11.498816826840574
2023-06-01,24,52,4260.813990586421,66,425,0.1223529411764706,10.025444683732754
2023-07-01,0,430,24370.86088064486,430,430,1.0,56.676420652662465
2023-07-01,1,69,4947.24660141733,81,430,0.16046511627906976,11.505224654458907
2023-07-01,2,73,4533.593093024488,84,430,0.1697674418604651,10.543239751219739
2023-07-01,3,64,5196.853707438272,77,430,0.14883720930232558,12.085706296368075
2023-07-01,4,88,6130.018245913563,112,430,0.20465116279069767,14.255856385845496
2023-07-01,5,72,6123.5499096482645,90,430,0.16744186046511628,14.240813743368056
2023-07-01,6,65,4063.2054774453118,71,430,0.1511627906976744,9.449315063826306
2023-07-01,7,44,2961.5196734708898,47,430,0.10232558139534884,6.8872550545834645
2023-07-01,8,50,3865.0883829881614,53,430,0.11627906976744186,8.988577634856188
2023-07-01,9,56,3361.6251072767122,60,430,0.13023255813953488,7.817732807620261
2023-07-01,10,55,4246.113902038856,62,430,0.12790697674418605,9.87468349311362
2023-07-01,11,55,4128.729210340426,65,430,0.12790697674418605,9.60169583800099
2023-07-01,12,53,3980.6296037671805,64,430,0.12325581395348838,9.257278148295768
2023-07-01,13,54,4503.945990055132,65,430,0.12558139534883722,10.474293000128213
2023-07-01,14,45,3655.751001034335,57,430,0.10465116279069768,8.501746514033337
2023-07-01,15,47,4016.593061010989,55,430,0.10930232558139535,9.340914095374393
2023-07-01,16,63,5096.158017616531,80,430,0.14651162790697675,11.851530273526816
2023-07-01,17,70,5760.847345295285,93,430,0.16279069767441862,13.397319407663453
2023-07-01,18,44,2978.528445560636,50,430,0.10232558139534884,6.926810338513107
2023-07-01,19,32,2395.534700109994,36,430,0.07441860465116279,5.571010930488358
2023-07-01,20,45,3891.135720401098,58,430,0.10465116279069768,9.049152838142088
2023-07-01,21,33,2438.937397602701,37,430,0.07674418604651163,5.671947436285351
2023-07-01,22,46,3780.066548699134,53,430,0.10697674418604651,8.790852438835195
2023-07-01,23,27,2090.5151872142415,30,430,0.06279069767441861,4.8616632260796315
2023-07-01,24,35,2864.370405741535,44,430,0.08139534883720931,6.661326524980313
2023-08-01,0,435,24647.51405133195,435,435,1.0,56.66095184214241
2023-08-01,1,81,5678.503993363685,97,435,0.18620689655172415,13.05403216865215
2023-08-01,2,82,6667.28948023805,100,435,0.18850574712643678,15.327102253420804
2023-08-01,3,86,7061.180794301799,111,435,0.19770114942528735,16.232599527130574
2023-08-01,4,95,8219.553322252577,121,435,0.21839080459770116,18.895524878741558
2023-08-01,5,64,5138.510053293783,77,435,0.1471264367816092,11.81266678918111
2023-08-01,6,52,4364.8415742547795,62,435,0.11954022988505747,10.03411856150524
2023-08-01,7,50,4354.678081263575,66,435,0.11494252873563218,10.010754209801322
2023-08-01,8,56,3808.2082741794784,62,435,0.12873563218390804,8.754501779722938
2023-08-01,9,66,5608.7500530963325,83,435,0.15172413793103448,12.893678282980074
2023-08-01,10,52,3530.5659269727375,60,435,0.11954022988505747,8.116243510282155
2023-08-01,11,57,4949.25677061917,71,435,0.1310344827586207,11.377601771538323
2023-08-01,12,64,4646.006295467437,74,435,0.1471264367816092,10.680474242453878
2023-08-01,13,55,5407.660780902807,71,435,0.12643678160919541,12.431404094029443
2023-08-01,14,52,4430.48123753265,65,435,0.11954022988505747,10.185014339155517
2023-08-01,15,78,5631.477784091959,97,435,0.1793103448275862,12.945925940441285
2023-08-01,16,70,6189.935407618517,91,435,0.16091954022988506,14.229736569237971
2023-08-01,17,52,4040.191985892809,64,435,0.11954022988505747,9.2877976687191
2023-08-01,18,35,2407.502883287738,38,435,0.08045977011494253,5.534489386868363
2023-08-01,19,41,3340.0084166871566,50,435,0.09425287356321839,7.678180268246337
2023-08-01,20,38,2866.032018985635,45,435,0.08735632183908046,6.588579353989966
2023-08-01,21,51,3575.4390758286977,57,435,0.11724137931034483,8.219400174318846
2023-08-01,22,34,3185.32791184722,45,435,0.07816091954022988,7.322592900798207
2023-08-01,23,49,4049.071029665159,63,435,0.11264367816091954,9.308209263598068
2023-08-01,24,34,2787.653862288702,45,435,0.07816091954022988,6.408399683422303
2023-09-01,0,440,25454.586348357396,440,440,1.0,57.851332609903174
2023-09-01,1,75,6052.989868135452,92,440,0.17045454545454544,13.756795154853299
2023-09-01,2,85,6735.4527017678665,110,440,0.19318181818181818,15.307847049472423
2023-09-01,3,74,5739.1834348930015,88,440,0.16818181818181818,13.043598715665912
2023-09-01,4,52,3886.2955999754504,66,440,0.11818181818181818,8.832489999944205
2023-09-01,5,79,5861.971572162345,95,440,0.17954545454545454,13.32266266400533
2023-09-01,6,65,4918.757676471405,77,440,0.14772727272727273,11.178994719253193
2023-09-01,7,54,4334.9174643948145,64,440,0.12272727272727273,9.85208514635185
2023-09-01,8,61,5430.690665721055,73,440,0.13863636363636364,12.34247878572967
2023-09-01,9,66,5437.248267158453,78,440,0.15,12.35738242536012
2023-09-01,10,65,5331.129235127114,71,440,0.14772727272727273,12.116202807107078
2023-09-01,11,50,3966.681219736825,60,440,0.11363636363636363,9.015184590310966
2023-09-01,12,57,4237.90292767765,69,440,0.12954545454545455,9.63159756290375
2023-09-01,13,52,4490.821616571927,68,440,0.11818181818181818,10.206412764936198
2023-09-01,14,63,5610.041535464366,78,440,0.1431818181818182,12.750094398782648
2023-09-01,15,63,5692.3412938384245,82,440,0.1431818181818182,12.937139304178237
2023-09-01,16,44,3659.8872954918115,52,440,0.1,8.317925671572299
2023-09-01,17,51,4003.4464808348557,57,440,0.1159090909090909,9.0987420018974
2023-09-01,18,45,3481.9979500714426,54,440,0.10227272727272728,7.913631704707824
2023-09-01,19,48,4111.476160965551,57,440,0.10909090909090909,9.344264002194434
2023-09-01,20,46,3895.96674798052,59,440,0.10454545454545454,8.854469881773909
2023-09-01,21,47,3892.4257467251487,57,440,0.10681818181818181,8.846422151648065
2023-09-01,22,55,4093.4128035797085,65,440,0.125,9.30321091722661
2023-09-01,23,42,3316.4217211268,52,440,0.09545454545454546,7.53732209347
2023-09-01,24,42,4050.5451719790376,56,440,0.09545454545454546,9.20578448177054
2023-10-01,0,445,27158.502056160654,445,445,1.0,61.030341699237425
2023-10-01,1,102,7323.625839741764,125,445,0.2292134831460674,16.457586156723064
2023-10-01,2,102,9156.629686679511,134,445,0.2292134831460674,20.576695925122497
2023-10-01,3,69,4808.120789800796,84,445,0.1550561797752809,10.804765819777069
2023-10-01,4,56,4568.722483951634,70,445,0.1258426966292135,10.266792098767716
2023-10-01,5,78,5477.78256423871,95,445,0.1752808988764045,12.30962373986227
2023-10-01,6,66,5463.414325692331,82,445,0.14831460674157304,12.277335563353553
2023-10-01,7,68,5204.123907666517,76,445,0.15280898876404495,11.69466046666633
2023-10-01,8,58,5278.588976614053,71,445,0.1303370786516854,11.861997700256298
2023-10-01,9,69,4614.651818771903,79,445,0.1550561797752809,10.370004087127873
2023-10-01,10,78,6321.628773464749,97,445,0.1752808988764045,14.20590735610056
2023-10-01,11,59,4537.9033984818025,71,445,0.13258426966292136,10.197535726925398
2023-10-01,12,53,3966.921699681633,61,445,0.11910112359550562,8.914430785801423
2023-10-01,13,80,6494.109531697798,98,445,0.1797752808988764,14.59350456561303
2023-10-01,14,81,8441.663599242249,114,445,0.18202247191011237,18.97003056009494
2023-10-01,15,48,3814.9507989433737,59,445,0.10786516853932585,8.572923143692975
2023-10-01,16,42,3566.202151890829,48,445,0.09438202247191012,8.013937419979392
2023-10-01,17,59,4123.7944539053415,66,445,0.13258426966292136,9.266953829000768
2023-10-01,18,60,4590.650483439747,69,445,0.1348314606741573,10.316068502111792
2023-10-01,19,51,3818.4505733387646,56,445,0.1146067415730337,8.580787805255651
2023-10-01,20,45,3846.3875006353155,53,445,0.10112359550561797,8.643567417158012
2023-10-01,21,49,4015.810196973335,64,445,0.1101123595505618,9.024292577468168
2023-10-01,22,52,4019.6974591795015,61,445,0.11685393258426967,9.033027998156182
2023-10-01,23,57,4423.860590093877,66,445,0.12808988764044943,9.94125975301995
2023-10-01,24,43,3628.852931685261,51,445,0.09662921348314607,8.154725689180362
2023-11-01,0,450,26080.251446743936,450,450,1.0,57.956114326097634
2023-11-01,1,114,9459.855983181094,152,450,0.25333333333333335,21.021902184846876
2023-11-01,2,66,4716.954063575453,76,450,0.14666666666666667,10.482120141278784
2023-11-01,3,71,5133.644992042864,83,450,0.15777777777777777,11.408099982317475
2023-11-01,4,63,4931.409096836018,77,450,0.14,10.958686881857817
2023-11-01,5,64,5180.873520478731,80,450,0.14222222222222222,11.513052267730513
2023-11-01,6,67,4724.49938244499,78,450,0.14888888888888888,10.498887516544423
2023-11-01,7,59,4868.30129415572,73,450,0.13111111111111112,10.818447320346044
2023-11-01,8,73,5089.121142841381,84,450,0.1622222222222222,11.309158095203069
2023-11-01,9,54,4459.997489839738,60,450,0.12,9.911105532977194
2023-11-01,10,58,4270.603279236462,66,450,0.1288888888888889,9.49022950941436
2023-11-01,11,48,3202.0956660650454,56,450,0.10666666666666667,7.115768146811212
2023-11-01,12,75,6730.759471261534,95,450,0.16666666666666666,14.957243269470075
2023-11-01,13,91,7943.597309982992,119,450,0.20222222222222222,17.65243846662887
2023-11-01,14,61,5258.2283195580785,77,450,0.13555555555555557,11.684951821240174
2023-11-01,15,50,3938.1449495137635,58,450,0.1111111111111111,8.751433221141697
2023-11-01,16,63,4743.782602740649,70,450,0.14,10.541739117201443
2023-11-01,17,56,5106.569218248038,71,450,0.12444444444444444,11.34793159610675
2023-11-01,18,65,5029.362406217898,81,450,0.14444444444444443,11.17636090270644
2023-11-01,19,56,4274.948132429479,64,450,0.12444444444444444,9.499884738732176
2023-11-01,20,58,4760.728974672176,68,450,0.1288888888888889,10.579397721493725
2023-11-01,21,41,3465.629730811317,52,450,0.09111111111111111,7.701399401802927
2023-11-01,22,45,3583.5091768672455,52,450,0.1,7.963353726371657
2023-11-01,23,43,4097.652469683219,55,450,0.09555555555555556,9.10589437707382
2023-11-01,24,60,5656.026319871862,84,450,0.13333333333333333,12.568947377493027
2023-12-01,0,455,26250.676756480196,455,455,1.0,57.693795069187246
2023-12-01,1,78,5603.242992009176,92,455,0.17142857142857143,12.31481976265753
2023-12-01,2,83,6078.428210170492,100,455,0.1824175824175824,13.359182879495586
2023-12-01,3,75,6066.926659554826,93,455,0.16483516483516483,13.333904746274342
2023-12-01,4,85,6470.573925571013,97,455,0.18681318681318682,14.221041594661568
2023-12-01,5,88,5846.61770939077,102,455,0.1934065934065934,12.849709251408285
2023-12-01,6,75,5988.757486159144,88,455,0.16483516483516483,13.162104365184932
2023-12-01,7,57,4541.038282125167,67,455,0.12527472527472527,9.980303916758608
2023-12-01,8,71,5665.00325965538,83,455,0.15604395604395604,12.450556614627208
2023-12-01,9,77,5102.664691649073,90,455,0.16923076923076924,11.214647673954007
2023-12-01,10,67,4470.808332852644,78,455,0.14725274725274726,9.82595237989592
2023-12-01,11,81,6871.33163994607,106,455,0.17802197802197803,15.101827780101253
2023-12-01,12,90,6723.448977867056,114,455,0.1978021978021978,14.776810940367156
2023-12-01,13,56,4424.759202859837,62,455,0.12307692307692308,9.724745500790851
2023-12-01,14,57,4569.544919685606,68,455,0.12527472527472527,10.042955867440893
2023-12-01,15,68,5302.850542697283,82,455,0.14945054945054945,11.654616577356666
2023-12-01,16,53,3891.792298312645,61,455,0.11648351648351649,8.553389666621198
2023-12-01,17,60,4629.216990600989,70,455,0.13186813186813187,10.17410327604613
2023-12-01,18,51,4350.453235964846,67,455,0.11208791208791209,9.561435683439221
2023-12-01,19,56,4332.6927711738135,70,455,0.12307692307692308,9.522401694887503
2023-12-01,20,61,4807.1722038278995,71,455,0.13406593406593406,10.565213634786593
2023-12-01,21,44,3981.479837914641,54,455,0.0967032967032967,8.750505138273937
2023-12-01,22,45,4619.89805276477,65,455,0.0989010989010989,10.153622093988506
2023-12-01,23,75,7387.87609908865,98,455,0.16483516483516483,16.237090327667364
2023-12-01,24,70,7163.079555814118,100,455,0.15384615384615385,15.74303199080026
2024-01-01,0,460,27101.122840799173,460,460,1.0,58.91548443651994
2024-01-01,1,65,4463.805526583005,72,460,0.14130434782608695,9.703925057789142
2024-01-01,2,73,5137.324975618762,86,460,0.15869565217391304,11.168097773084266
2024-01-01,3,72,4794.947643209165,86,460,0.1565217391304348,10.42379922436775
2024-01-01,4,74,5529.743117522177,85,460,0.1608695652173913,12.021180690265602
2024-01-01,5,71,5240.993782505586,83,460,0.15434782608695652,11.393464744577361
2024-01-01,6,74,4920.384821717765,85,460,0.1608695652173913,10.696488742864705
2024-01-01,7,66,4981.710395638514,78,460,0.14347826086956522,10.829805207909812
2024-01-01,8,65,5040.883697125773,79,460,0.14130434782608695,10.958442819838638
2024-01-01,9,69,5295.642839844392,84,460,0.15,11.512267043139984
2024-01-01,10,103,8060.298174244009,135,460,0.22391304347826088,17.522387335313063
2024-01-01,11,79,7050.167988095531,108,460,0.17173913043478262,15.326452148033763
2024-01-01,12,48,3597.120164903904,57,460,0.10434782608695652,7.81982644544327
2024-01-01,13,57,4295.805625938267,68,460,0.12391304347826088,9.338707882474495
2024-01-01,14,57,4778.087480238626,67,460,0.12391304347826088,10.387146696170927
2024-01-01,15,48,4165.041591979808,55,460,0.10434782608695652,9.054438243434365
2024-01-01,16,52,3935.9241869673597,60,460,0.11304347826086956,8.556356928189912
2024-01-01,17,54,4300.309905385625,65,460,0.11739130434782609,9.348499794316576
2024-01-01,18,50,4153.140080853276,57,460,0.10869565217391304,9.028565393159296
2024-01-01,19,45,4006.188797554259,58,460,0.09782608695652174,8.709106081639694
2024-01-01,20,45,3222.3380831726736,51,460,0.09782608695652174,7.0050827895058125
2024-01-01,21,50,3610.7069174689377,58,460,0.10869565217391304,7.8493628640629085
2024-01-01,22,58,4538.116553972574,69,460,0.12608695652173912,9.865470769505597
2024-01-01,23,64,5705.91878417257,82,460,0.1391304347826087,12.404171269940369
2024-02-01,0,465,26209.420403833115,465,465,1.0,56.36434495447982
2024-02-01,1,73,5280.061775662672,83,465,0.15698924731182795,11.354971560564886
2024-02-01,2,72,6395.443781167603,88,465,0.15483870967741936,13.753642540145384
2024-02-01,3,73,5427.3191307134575,87,465,0.15698924731182795,11.67165404454507
2024-02-01,4,67,5272.587716258027,79,465,0.14408602150537633,11.338898314533392
2024-02-01,5,75,5786.193981245405,88,465,0.16129032258064516,12.443427916656784
2024-02-01,6,72,5406.837603052288,85,465,0.15483870967741936,11.627607748499543
2024-02-01,7,75,6013.336021086283,93,465,0.16129032258064516,12.931905421690931
2024-02-01,8,72,5632.303075972852,94,465,0.15483870967741936,12.11247973327495
2024-02-01,9,88,6773.4750299481075,106,465,0.18924731182795698,14.56661296763034
2024-02-01,10,100,9150.529340389736,133,465,0.21505376344086022,19.67855772126825
2024-02-01,11,62,4600.797264171725,72,465,0.13333333333333333,9.89418766488543
2024-02-01,12,44,3682.7308725090684,52,465,0.09462365591397849,7.919851338729179
2024-02-01,13,51,4028.344381329853,60,465,0.10967741935483871,8.663106196408286
2024-02-01,14,58,5286.789639671836,79,465,0.12473118279569892,11.369440085315777
2024-02-01,15,59,5415.257621729667,76,465,0.12688172043010754,11.645715315547672
2024-02-01,16,73,5275.1085541057955,87,465,0.15698924731182795,11.34431947119526
2024-02-01,17,51,4122.428447875989,60,465,0.10967741935483871,8.865437522313956
2024-02-01,18,57,4556.180082003355,65,465,0.12258064516129032,9.798236735491086
2024-02-01,19,55,4344.1679195562765,65,465,0.11827956989247312,9.342296601196294
2024-02-01,20,55,5426.276398002456,68,465,0.11827956989247312,11.669411608607431
2024-02-01,21,55,4208.140221787102,67,465,0.11827956989247312,9.049763917821725
2024-02-01,22,75,7052.360868850094,99,465,0.16129032258064516,15.166367459892676
2024-03-01,0,470,25892.09153382813,470,470,1.0,55.08955645495347
2024-03-01,1,78,6001.690132369286,91,470,0.16595744680851063,12.769553473126141
2024-03-01,2,65,4516.993797224002,77,470,0.13829787234042554,9.6106251004766
2024-03-01,3,71,5223.461862944962,82,470,0.15106382978723404,11.11374864456375
2024-03-01,4,79,5473.109385824633,90,470,0.16808510638297872,11.644913586860921
2024-03-01,5,68,4775.4662123834305,80,470,0.14468085106382977,10.160566409326448
2024-03-01,6,71,5445.941100783024,82,470,0.15106382978723404,11.587108725070264
2024-03-01,7,72,5335.3609192893955,87,470,0.15319148936170213,11.351831743168926
2024-03-01,8,71,5086.3837092876665,94,470,0.15106382978723404,10.822092998484397
2024-03-01,9,76,6235.132917208816,100,470,0.16170212765957448,13.266240249380461
2024-03-01,10,59,4512.384093329411,69,470,0.125531914893617,9.600817219849812
2024-03-01,11,52,3749.9742593829055,63,470,0.11063829787234042,7.978668636984906
2024-03-01,12,58,4838.300636185882,67,470,0.12340425531914893,10.294256672735917
2024-03-01,13,44,3371.500220772387,54,470,0.09361702127659574,7.173404725047631
2024-03-01,14,62,4728.176151733509,73,470,0.13191489361702127,10.059949259007466
2024-03-01,15,57,4414.638472930451,65,470,0.12127659574468085,9.39284781474564
2024-03-01,16,53,3536.828304673971,61,470,0.1127659574468085,7.5251666056893
2024-03-01,17,52,3776.9111901744677,58,470,0.11063829787234042,8.035981255690357
2024-03-01,18,49,3870.532272378146,55,470,0.10425531914893617,8.235175047613076
2024-03-01,19,61,5085.296235332841,79,470,0.12978723404255318,10.819779224112429
2024-03-01,20,66,5851.182138466721,94,470,0.14042553191489363,12.449323698865363
2024-03-01,21,69,6821.4405328594685,98,470,0.14680851063829786,14.513703261403125
2024-04-01,0,475,26766.139814542697,475,475,1.0,56.349768030616204
2024-04-01,1,80,6015.015876700058,96,475,0.16842105263157894,12.663191319368542
2024-04-01,2,88,5035.9973575506565,98,475,0.18526315789473685,10.602099700106645
2024-04-01,3,74,5369.421029589347,87,475,0.15578947368421053,11.304044272819679
2024-04-01,4,71,5417.218136451563,85,475,0.14947368421052631,11.404669760950659
2024-04-01,5,59,4357.65951397492,73,475,0.12421052631578948,9.174020029420884
2024-04-01,6,75,5117.657021429565,83,475,0.15789473684210525,10.77401478195698
2024-04-01,7,81,5777.41162215085,94,475,0.1705263157894737,12.162971836107053
2024-04-01,8,83,6270.929070412566,109,475,0.17473684210526316,13.201955937710665
2024-04-01,9,57,4999.728678703613,68,475,0.12,10.525744586744448
2024-04-01,10,52,3670.7535145302345,60,475,0.10947368421052632,7.7279021358531255
2024-04-01,11,51,3578.612253748168,63,475,0.10736842105263159,7.533920534206669
2024-04-01,12,54,3865.6536249539777,64,475,0.11368421052631579,8.138218157797848
2024-04-01,13,63,4703.966090533533,75,475,0.13263157894736843,9.903086506386385
2024-04-01,14,70,4489.311439983892,79,475,0.14736842105263157,9.451181978913457
2024-04-01,15,59,4407.689012237138,67,475,0.12421052631578948,9.27934528892029
2024-04-01,16,67,5962.0469664389675,85,475,0.14105263157894737,12.551677824082036
2024-04-01,17,47,3536.6910942289483,54,475,0.09894736842105263,7.445665461534628
2024-04-01,18,53,4057.9433183216292,60,475,0.11157894736842106,8.54303856488764
2024-04-01,19,70,5038.109041882369,76,475,0.14736842105263157,10.606545351331302
2024-04-01,20,70,4961.040829597067,83,475,0.14736842105263157,10.444296483362248
2024-05-01,0,480,26796.795471897818,480,480,1.0,55.82665723312046
2024-05-01,1,74,5455.1724441053575,84,480,0.15416666666666667,11.36494259188616
2024-05-01,2,75,5007.231335467863,87,480,0.15625,10.43173194889138
2024-05-01,3,81,6934.037699670023,103,480,0.16875,14.445911874312548
2024-05-01,4,97,6389.04907419372,112,480,0.20208333333333334,13.31051890457025
2024-05-01,5,77,5045.312405392241,85,480,0.16041666666666668,10.511067511233836
2024-05-01,6,101,7979.518893899164,124,480,0.21041666666666667,16.62399769562326
2024-05-01,7,113,9931.40364531233,149,480,0.23541666666666666,20.690424261067353
2024-05-01,8,57,4851.358768779712,71,480,0.11875,10.106997434957732
2024-05-01,9,67,4727.002897329326,80,480,0.13958333333333334,9.847922702769429
2024-05-01,10,60,4941.819452445208,73,480,0.125,10.295457192594183
2024-05-01,11,55,4073.985211617756,64,480,0.11458333333333333,8.487469190870325
2024-05-01,12,57,4174.459905064677,67,480,0.11875,8.696791468884744
2024-05-01,13,42,3359.8485719609735,52,480,0.0875,6.9996845249186945
2024-05-01,14,62,5012.633976897306,73,480,0.12916666666666668,10.442987451869387
2024-05-01,15,62,4673.192821609263,75,480,0.12916666666666668,9.735818378352631
2024-05-01,16,50,3661.554407746096,60,480,0.10416666666666667,7.628238349471033
2024-05-01,17,61,5025.155236304177,69,480,0.12708333333333333,10.469073408967036
2024-05-01,18,78,6913.786838679486,105,480,0.1625,14.403722580582263
2024-05-01,19,73,6345.327609539979,89,480,0.15208333333333332,13.219432519874955
2024-06-01,0,485,28686.848606548527,485,485,1.0,59.148141456801085
2024-06-01,1,73,5400.497079255657,86,485,0.15051546391752577,11.135045524238468
2024-06-01,2,82,6473.514385237603,99,485,0.16907216494845362,13.347452340696089
2024-06-01,3,86,6365.681378926229,105,485,0.177319587628866,13.12511624520872
2024-06-01,4,74,6199.987595425172,88,485,0.15257731958762888,12.78347957819623
2024-06-01,5,111,8908.377141615256,131,485,0.2288659793814433,18.3677879208562
2024-06-01,6,108,10086.59581749708,135,485,0.22268041237113403,20.797104778344494
2024-06-01,7,77,6790.958733807936,99,485,0.15876288659793814,14.001976770738013
2024-06-01,8,71,5586.93038099984,84,485,0.1463917525773196,11.519444084535753
2024-06-01,9,70,5893.78007088205,86,485,0.14432989690721648,12.152123857488762
2024-06-01,10,70,4881.92466769982,81,485,0.14432989690721648,10.065824057113032
2024-06-01,11,77,5430.318155928224,93,485,0.15876288659793814,11.196532280264378
2024-06-01,12,71,6224.595420651913,89,485,0.1463917525773196,12.834217362168893
2024-06-01,13,62,5783.7110177794375,81,485,0.12783505154639174,11.925177356246262
2024-06-01,14,60,5109.182931674197,72,485,0.12371134020618557,10.534397797266385
2024-06-01,15,74,6290.862082103918,89,485,0.15257731958762888,12.97084965382251
2024-06-01,16,60,5119.962558899064,72,485,0.12371134020618557,10.556623832781575
2024-06-01,17,83,7910.814187588156,108,485,0.1711340206185567,16.310957087810632
2024-06-01,18,77,7108.4780803553085,107,485,0.15876288659793814,14.656655835784141
2024-07-01,0,490,28123.118665364687,490,490,1.0,57.394119725234056
2024-07-01,1,81,5728.943210428289,90,490,0.1653061224489796,11.691720837608752
2024-07-01,2,76,5627.5742438396865,88,490,0.15510204081632653,11.484845395591197
2024-07-01,3,82,6103.134997838181,103,490,0.1673469387755102,12.455377546608533
2024-07-01,4,98,6911.867878772392,117,490,0.2,14.105852813821208
2024-07-01,5,98,7861.014317990579,121,490,0.2,16.04288636324608
2024-07-01,6,67,4683.293311576017,72,490,0.13673469387755102,9.557741452195954
2024-07-01,7,70,4730.857049539772,78,490,0.14285714285714285,9.654810305183208
2024-07-01,8,68,5103.067693305597,77,490,0.13877551020408163,10.414423863888972
2024-07-01,9,56,4491.978446553639,60,490,0.11428571428571428,9.167302952150283
2024-07-01,10,69,4925.021932799631,80,490,0.14081632653061224,10.05106516897884
2024-07-01,11,52,3934.290829918807,65,490,0.10612244897959183,8.029164959017974
2024-07-01,12,54,4420.0262135601815,68,490,0.11020408163265306,9.020461660326902
2024-07-01,13,55,4888.1592231822115,71,490,0.11224489795918367,9.975835149351452
2024-07-01,14,65,4789.464942377105,77,490,0.1326530612244898,9.774418249749194
2024-07-01,15,65,5483.816981627726,77,490,0.1326530612244898,11.191463227811685
2024-07-01,16,74,5949.503062091471,95,490,0.1510204081632653,12.141842983860146
2024-07-01,17,76,5889.381934372256,94,490,0.15510204081632653,12.01914680484134
2024-08-01,0,495,28499.580218556817,495,495,1.0,57.574909532438014
2024-08-01,1,98,6767.950827966958,111,495,0.19797979797979798,13.672627935286783
2024-08-01,2,98,7307.955679577899,113,495,0.19797979797979798,14.7635468274301
2024-08-01,3,125,9684.230755210332,161,495,0.25252525252525254,19.56410253577845
2024-08-01,4,116,8974.288405386442,138,495,0.23434343434343435,18.129875566437256
2024-08-01,5,69,5926.0367063056965,82,495,0.1393939393939394,11.971791325870093
2024-08-01,6,48,3542.615970998977,57,495,0.09696969696969697,7.156799941412075
2024-08-01,7,71,4927.718439476431,80,495,0.14343434343434344,9.954986746417031
2024-08-01,8,60,5099.868105121,77,495,0.12121212121212122,10.302763848729292
2024-08-01,9,65,4880.824502642209,74,495,0.13131313131313133,9.860251520489312
2024-08-01,10,68,4564.5164170477465,79,495,0.13737373737373737,9.221245286965145
2024-08-01,11,67,5446.996267396729,82,495,0.13535353535353536,11.004032863427735
2024-08-01,12,69,6136.265472985644,92,495,0.1393939393939394,12.396495905021503
2024-08-01,13,64,4592.4005221957195,74,495,0.1292929292929293,9.277576812516605
2024-08-01,14,50,4661.86028602467,67,495,0.10101010101010101,9.417899567726606
2024-08-01,15,69,5662.8064034968775,87,495,0.1393939393939394,11.440012936357329
2024-08-01,16,90,8749.312572381741,117,495,0.18181818181818182,17.67537893410453
2024-09-01,0,500,28945.687061387565,500,500,1.0,57.89137412277513
2024-09-01,1,75,5929.956025642648,89,500,0.15,11.859912051285296
2024-09-01,2,106,8262.663677281265,128,500,0.212,16.52532735456253
2024-09-01,3,114,8555.110175819038,145,500,0.228,17.110220351638077
2024-09-01,4,71,6443.122819365901,82,500,0.142,12.886245638731802
2024-09-01,5,73,5418.926671501587,79,500,0.146,10.837853343003175
2024-09-01,6,64,4646.243860008151,80,500,0.128,9.292487720016302
2024-09-01,7,67,5003.665957338646,78,500,0.134,10.007331914677293
2024-09-01,8,69,5245.828940587817,83,500,0.138,10.491657881175634
2024-09-01,9,77,6110.195351373605,97,500,0.154,12.22039070274721
2024-09-01,10,71,5392.1873137079065,79,500,0.142,10.784374627415813
2024-09-01,11,69,5333.077965111513,83,500,0.138,10.666155930223026
2024-09-01,12,76,5701.79983418248,94,500,0.152,11.40359966836496
2024-09-01,13,71,5873.796889398375,87,500,0.142,11.74759377879675
2024-09-01,14,88,6911.303206693379,111,500,0.176,13.822606413386758
2024-09-01,15,85,6124.239734721489,111,500,0.17,12.248479469442978
2024-10-01,0,505,29561.244142607386,505,505,1.0,58.53711711407403
2024-10-01,1,116,8859.677660711874,148,505,0.2297029702970297,17.543916159825493
2024-10-01,2,119,9144.413430159733,149,505,0.23564356435643563,18.107749366652936
2024-10-01,3,74,6163.065646443334,87,505,0.14653465346534653,12.2040903889967
2024-10-01,4,71,6089.530046944069,90,505,0.1405940594059406,12.058475340483305
2024-10-01,5,69,5058.188449522313,87,505,0.13663366336633664,10.016214751529333
2024-10-01,6,80,6701.946593126593,98,505,0.15841584158415842,13.271181372527908
2024-10-01,7,75,6403.528026683356,94,505,0.1485148514851485,12.680253518184864
2024-10-01,8,90,7252.014973727619,102,505,0.1782178217821782,14.36042569054974
2024-10-01,9,76,5179.925027418754,85,505,0.1504950495049505,10.257277282017336
2024-10-01,10,77,6478.463826717224,91,505,0.15247524752475247,12.828641241024206
2024-10-01,11,73,6250.3035881914975,91,505,0.14455445544554454,12.376838788498015
2024-10-01,12,60,4527.398666076801,73,505,0.1188118811881188,8.96514587341941
2024-10-01,13,94,8028.2776834200695,126,505,0.18613861386138614,15.897579571128851
2024-10-01,14,95,7789.054612444207,125,505,0.18811881188118812,15.4238705196915
2024-11-01,0,510,29721.374439159925,510,510,1.0,58.277204782666516
2024-11-01,1,119,9871.59045083777,150,510,0.23333333333333334,19.356059707525038
2024-11-01,2,93,7285.78433356245,109,510,0.18235294117647058,14.285851634436177
2024-11-01,3,74,5297.3443002449,83,510,0.1450980392156863,10.386949608323334
2024-11-01,4,71,5602.838970985881,86,510,0.1392156862745098,10.985958766638982
2024-11-01,5,75,6209.500438540704,93,510,0.14705882352941177,12.175491055962164
2024-11-01,6,79,5904.588895358514,93,510,0.15490196078431373,11.577625285016694
2024-11-01,7,88,6774.296435096037,99,510,0.17254901960784313,13.282934186462818
2024-11-01,8,66,5133.8485975016265,79,510,0.12941176470588237,10.066369799022796
2024-11-01,9,78,6305.903249682605,96,510,0.15294117647058825,12.364516175848244
2024-11-01,10,81,5753.580645531849,90,510,0.1588235294117647,11.281530677513429
2024-11-01,11,73,5606.017821039286,85,510,0.14313725490196078,10.992191805959385
2024-11-01,12,85,7226.707787922875,105,510,0.16666666666666666,14.170015270437009
2024-11-01,13,92,8589.130121471506,116,510,0.1803921568627451,16.841431610728442
2024-12-01,0,515,30956.81527745865,515,515,1.0,60.11032092710417
2024-12-01,1,80,5547.414144360887,93,515,0.1553398058252427,10.771677950215315
2024-12-01,2,79,6352.899184795666,93,515,0.1533980582524272,12.33572657241877
2024-12-01,3,74,4963.7523397256155,85,515,0.1436893203883495,9.638354057719642
2024-12-01,4,89,5965.7874085260855,104,515,0.17281553398058253,11.584053220439001
2024-12-01,5,74,5132.8256242424995,89,515,0.1436893203883495,9.966651697558252
2024-12-01,6,70,5391.442148156267,79,515,0.13592233009708737,10.468819705157799
2024-12-01,7,78,5593.893145396266,90,515,0.15145631067961166,10.861928437662652
2024-12-01,8,66,4536.491396784615,77,515,0.12815533980582525,8.808721158805078
2024-12-01,9,65,5133.739620637161,75,515,0.1262135922330097,9.968426447839148
2024-12-01,10,72,6448.7495899163205,87,515,0.13980582524271845,12.521843863915185
2024-12-01,11,92,7304.336238122352,116,515,0.1786407766990291,14.183177161402625
2024-12-01,12,87,6686.685396831058,110,515,0.16893203883495145,12.983855139477782
2025-01-01,0,520,29390.77641276445,520,520,1.0,56.52072387070087
2025-01-01,1,71,4967.1451810822045,83,520,0.13653846153846153,9.552202271311932
2025-01-01,2,86,6795.955172631587,101,520,0.16538461538461538,13.069144562753051
2025-01-01,3,80,6221.686565286492,94,520,0.15384615384615385,11.964781856320176
2025-01-01,4,98,7825.066190549721,115,520,0.18846153846153846,15.048204212595618
2025-01-01,5,83,6055.228745678792,104,520,0.1596153846153846,11.644670664766908
2025-01-01,6,79,5862.362556264348,88,520,0.1519230769230769,11.273774146662209
2025-01-01,7,80,6509.7734070810575,106,520,0.15384615384615385,12.518795013617419
2025-01-01,8,64,5575.643500474523,78,520,0.12307692307692308,10.72239134706639
2025-01-01,9,72,7314.501156634451,93,520,0.13846153846153847,14.066348378143175
2025-01-01,10,104,7411.59692274678,115,520,0.2,14.25307100528227
2025-01-01,11,96,8146.120724242126,124,520,0.18461538461538463,15.665616777388705
2025-02-01,0,525,30875.606759921873,525,525,1.0,58.81067954270833
2025-02-01,1,80,5784.065701902166,95,525,0.1523809523809524,11.017268003623174
2025-02-01,2,84,5689.950537016281,97,525,0.16,10.838001022888154
2025-02-01,3,85,6124.071060614447,99,525,0.1619047619047619,11.664897258313232
2025-02-01,4,91,6555.431951665591,105,525,0.17333333333333334,12.486537050791602
2025-02-01,5,72,5417.344012437851,84,525,0.13714285714285715,10.318750499881622
2025-02-01,6,74,6339.573849859133,89,525,0.14095238095238094,12.075378761636443
2025-02-01,7,90,6516.828314490186,101,525,0.17142857142857143,12.413006313314641
2025-02-01,8,83,6362.628139540724,100,525,0.1580952380952381,12.119291694363284
2025-02-01,9,83,6201.362410000542,103,525,0.1580952380952381,11.812118876191509
2025-02-01,10,103,8804.400371938202,131,525,0.1961904761904762,16.77028642273943
2025-03-01,0,530,30649.394063893345,530,530,1.0,57.82904540357235
2025-03-01,1,77,6714.050141837343,99,530,0.14528301886792452,12.668019135542156
2025-03-01,2,94,5933.413707565506,111,530,0.17735849056603772,11.195120202953785
2025-03-01,3,83,5861.6203238593025,100,530,0.15660377358490565,11.059660988413778
2025-03-01,4,88,6294.73523643516,103,530,0.1660377358490566,11.876858936670112
2025-03-01,5,82,5941.282611064881,97,530,0.15471698113207547,11.209967190688454
2025-03-01,6,88,6458.2803436645445,101,530,0.1660377358490566,12.18543461068782
2025-03-01,7,82,6348.286085564799,98,530,0.15471698113207547,11.977898274650563
2025-03-01,8,114,9715.824624485604,140,530,0.21509433962264152,18.33174457450114
2025-03-01,9,102,8030.732408372838,129,530,0.19245283018867926,15.152325298816676
2025-04-01,0,535,31682.96310693936,535,535,1.0,59.2204917886717
2025-04-01,1,84,6770.0429841585255,102,535,0.15700934579439252,12.654285951698178
2025-04-01,2,78,5633.191149050248,93,535,0.14579439252336449,10.529329250561211
2025-04-01,3,67,5180.686372232768,83,535,0.1252336448598131,9.683525929407043
2025-04-01,4,70,5303.345580639361,82,535,0.1308411214953271,9.912795477830581
2025-04-01,5,74,5050.246722649656,83,535,0.1383177570093458,9.43971350027973
2025-04-01,6,85,6724.9289046364065,102,535,0.1588785046728972,12.569960569413844
2025-04-01,7,90,6870.7918296005355,108,535,0.16822429906542055,12.842601550655207
2025-04-01,8,96,8036.803651369045,118,535,0.17943925233644858,15.022062899755225
2025-05-01,0,540,32828.864181320285,540,540,1.0,60.7941929283709
2025-05-01,1,96,7563.226747446984,113,540,0.17777777777777778,14.005975458235154
2025-05-01,2,91,6702.128387952811,112,540,0.1685185185185185,12.41134886657928
2025-05-01,3,84,6381.312811708696,102,540,0.15555555555555556,11.817245947608697
2025-05-01,4,94,7470.040035133184,110,540,0.17407407407407408,13.833407472468858
2025-05-01,5,90,6929.461744790317,103,540,0.16666666666666666,12.832336564426514
2025-05-01,6,121,9995.059963129956,140,540,0.22407407407407406,18.50937030209251
2025-05-01,7,115,10330.863407667945,153,540,0.21296296296296297,19.131228532718417
2025-06-01,0,545,31400.60722007782,545,545,1.0,57.615793064362975
2025-06-01,1,100,7430.010195845905,113,545,0.1834862385321101,13.633046230909919
2025-06-01,2,98,8181.623066860816,120,545,0.1798165137614679,15.012152416258377
2025-06-01,3,99,8221.416153113658,121,545,0.181651376146789,15.085167253419556
2025-06-01,4,100,8993.327236125171,130,545,0.1834862385321101,16.501517864449855
2025-06-01,5,103,7473.871611560305,129,545,0.1889908256880734,13.713525892771202
2025-06-01,6,111,9139.211169146496,137,545,0.2036697247706422,16.769194805773388
2025-07-01,0,550,30781.439704169792,550,550,1.0,55.96625400758144
2025-07-01,1,96,6353.8540949191365,110,550,0.17454545454545456,11.552461990762067
2025-07-01,2,101,6725.314447989146,116,550,0.18363636363636363,12.227844450889357
2025-07-01,3,99,6534.138100040696,114,550,0.18,11.880251090983084
2025-07-01,4,107,8784.876009883803,142,550,0.19454545454545455,15.972501836152368
2025-07-01,5,129,9984.185752622898,168,550,0.23454545454545456,18.153065004768905
2025-08-01,0,555,33465.80727996268,555,555,1.0,60.298751855788616
2025-08-01,1,85,5950.20437462309,98,555,0.15315315315315314,10.721088963284847
2025-08-01,2,92,7615.7684817042245,113,555,0.16576576576576577,13.722105372440044
2025-08-01,3,120,9891.707595516196,160,555,0.21621621621621623,17.82289656849765
2025-08-01,4,125,10986.075242131023,173,555,0.22522522522522523,19.79473016600184
2025-09-01,0,560,31244.03558421998,560,560,1.0,55.7929206861071
2025-09-01,1,113,8102.26236342463,129,560,0.2017857142857143,14.468325648972554
2025-09-01,2,130,10240.129332104025,152,560,0.23214285714285715,18.285945235900044
2025-09-01,3,129,10082.650047507936,169,560,0.23035714285714284,18.00473222769274
2025-10-01,0,565,32762.133964758505,565,565,1.0,57.98607781373187
2025-10-01,1,113,9122.775047915495,133,565,0.2,16.146504509584947
2025-10-01,2,110,9203.888268995743,141,565,0.19469026548672566,16.290067732735828
2025-11-01,0,570,32411.930484763587,570,570,1.0,56.86303593818173
2025-11-01,1,144,12403.339069467518,189,570,0.25263157894736843,21.760243981521963
2025-12-01,0,575,32340.352671386263,575,575,1.0,56.24409160241089
